,Unnamed: 0,Danceability,Energy,Key,Loudness,Speechiness,Acousticness,Instrumentalness,Liveness,Valence,Tempo,Duration_ms,Views,Likes,Comments,Stream
count,20718.0,20716.0,20716.0,20716.0,20716.0,20716.0,20716.0,20716.0,20716.0,20716.0,20716.0,20716.0,20248.0,20177.0,20149.0,20142.0
mean,10358.5,0.6197774522108515,0.6352503492131686,5.300347557443522,-7.671680343695694,0.09645600502027418,0.2915353498271867,0.05596155771432709,0.1935209982622128,0.5298533240007725,120.63833993048851,224717.57902104652,93937821.13329712,663341.0613074292,27518.993696957667,135942190.38298082
std,5980.91577436098,0.16527238893983814,0.21414683000068707,3.5764485443081413,4.632748577001423,0.1119600283321935,0.2862988163849693,0.19326203308369472,0.16853090141034588,0.2454408088266606,29.57901754785179,124790.5426099816,274644322.0046215,1789324.2482217257,193234.68935062183,244132077.82384762
min,0.0,0.0,2.03e-05,0.0,-46.251,0.0,1.11e-06,0.0,0.0145,0.0,0.0,30985.0,0.0,0.0,0.0,6574.0
25%,5179.25,0.518,0.507,2.0,-8.858,0.0357,0.0452,0.0,0.0941,0.339,97.002,180009.5,1826001.5,21581.0,509.0,17674864.25
50%,10358.5,0.637,0.666,5.0,-6.536,0.0505,0.193,2.405e-06,0.125,0.537,119.965,213284.5,14501095.0,124481.0,3277.0,49682981.5
75%,15537.75,0.74025,0.798,8.0,-4.931,0.103,0.47724999999999995,0.000463,0.237,0.72625,139.935,252443.0,70399749.0,522148.0,14360.0,138358065.25
max,20717.0,0.975,1.0,11.0,0.92,0.964,0.996,1.0,1.0,0.993,243.372,4676058.0,8079649362.0,50788652.0,16083138.0,3386520288.0
